ID;SDN_P01_code;Aquo_Grootheid_code;Aquo_ChemischeStof_code;Aquo_biotaxon_code;Aquo_Compartiment_code;Aquo_Monstercriterium_code;Aquo_Hoedanigheid_code;D_BEGIN;D_EIND;D_STATUS
1;"AFLGM001";"MASSFTE";"DC4ySn";;"BS";"Dk0063";"dg";11-12-2014;;"G"
2;"AFLGM002";"MASSFTE";"DFySn";;"BS";"Dk0063";"dg";11-12-2014;;"G"
3;"AFLGM006";"MASSFTE";"TFySn";;"BS";"Dk0063";"dg";11-12-2014;;"G"
4;"AFLGM013";"MASSFTE";"TC4ySn";;"ZS";;"dg";11-12-2014;;"G"
5;"AFLGM014";"MASSFTE";"TFySn";;"ZS";;"dg";11-12-2014;;"G"
6;"AFLGM017";"MASSFTE";"DC4ySn";;"ZS";;"dg";11-12-2014;;"G"
7;"AFLGM018";"MASSFTE";"DFySn";;"ZS";;"dg";11-12-2014;;"G"
8;"AFLGM026";"MASSFTE";"HCB";;"ZS";;"dg";11-12-2014;;"G"
9;"AHBDRM19";"AANTPOPVTE";;"Idotea chelipes";"BS";;;11-12-2014;;"G"
10;"AHBDRMA9";"AANTPOPVTE";;"Idotea linearis";"BS";;;11-12-2014;;"G"
11;"ANTDWT02";"MASSFTE";"Ant";;"BS";"Dk0063";"dg";11-12-2014;;"G"
12;"ANUFWC02";"CONCTTE";"Ant";;"OW";;;11-12-2014;;"G"
13;"CDAFWC01";"CONCTTE";"Cd";;"OW";;"nf";11-12-2014;;"G"
14;"CDUFWC02";"CONCTTE";"Cd";;"OW";;;11-12-2014;;"G"
571;"CIDAHPP1";"CONCTTE";"CHLFa";;"OW";;"NVT";01-10-2016;;"G"
15;"CONCDS02";"MASSFTE";"Cd";;"BS";"Dk0063";"dg";11-12-2014;;"G"
16;"CONHGS02";"MASSFTE";"Hg";;"BS";"Dk0063";"dg";11-12-2014;;"G"
17;"CONPBS02";"MASSFTE";"Pb";;"BS";"Dk0063";"dg";11-12-2014;;"G"
18;"CONTBTS2";"MASSFTE";"TC4ySn";;"BS";"Dk0063";"dg";11-12-2014;;"G"
19;"CPAHSD07";"MASSFTE";"BaP";;"BS";"Dk0063";"dg";11-12-2014;;"G"
20;"CPAHSD08";"MASSFTE";"BbF";;"BS";"Dk0063";"dg";11-12-2014;;"G"
21;"CPAHSD09";"MASSFTE";"BghiPe";;"BS";"Dk0063";"dg";11-12-2014;;"G"
22;"CPAHSD10";"MASSFTE";"BkF";;"BS";"Dk0063";"dg";11-12-2014;;"G"
23;"CPAHSD14";"MASSFTE";"InP";;"BS";"Dk0063";"dg";11-12-2014;;"G"
24;"CPAHWC07";"CONCTTE";"BaP";;"OW";;;11-12-2014;;"G"
25;"CPAHWC08";"CONCTTE";"BbF";;"OW";;;11-12-2014;;"G"
26;"CPAHWC09";"CONCTTE";"BghiPe";;"OW";;;11-12-2014;;"G"
27;"CPAHWC10";"CONCTTE";"BkF";;"OW";;;11-12-2014;;"G"
28;"CPAHWC14";"CONCTTE";"InP";;"OW";;;11-12-2014;;"G"
29;"CRAFWC01";"CONCTTE";"Cr";;"OW";;"nf";11-12-2014;;"G"
30;"CRUFWC02";"CONCTTE";"Cr";;"OW";;;11-12-2014;;"G"
31;"CUAFWC01";"CONCTTE";"Cu";;"OW";;"nf";11-12-2014;;"G"
32;"CUUFWC02";"CONCTTE";"Cu";;"OW";;;11-12-2014;;"G"
572;"DINXZZZZ";"CONCTTE";"Nanorg";;"OW";;"Nnf";01-10-2016;;"G"
576;"DOKGWITX";"VERZDGGD";"O2";;"OW";;"NVT";04-10-2016;;"G"
33;"FLUFWC02";"CONCTTE";"Flu";;"OW";;;11-12-2014;;"G"
34;"FLUSED02";"MASSFTE";"Flu";;"BS";"Dk0063";"dg";11-12-2014;;"G"
35;"HCBUFW02";"CONCTTE";"HCB";;"OW";;;11-12-2014;;"G"
36;"HGAFWC01";"CONCTTE";"Hg";;"OW";;"nf";11-12-2014;;"G"
37;"IMGXD092";"AANTPOPVTE";;"Echinoidea";"BS";;;11-12-2014;;"G"
38;"IMGXDB33";"AANTPOPVTE";;"Asteroidea";"BS";;;11-12-2014;;"G"
39;"IMGXS467";"AANTPOPVTE";;"Gastropoda";"BS";;;11-12-2014;;"G"
40;"IMGXS927";"AANTPOPVTE";;"Demospongiae";"BS";;;11-12-2014;;"G"
41;"IMGXV624";"AANTPOPVTE";;"Polyplacophora";"BS";;;11-12-2014;;"G"
42;"IMGXX618";"AANTPOPVTE";;"Actiniaria";"BS";;;11-12-2014;;"G"
43;"IMGXY30A";"AANTPOPVTE";;"Terebellida";"BS";;;11-12-2014;;"G"
44;"IMGXY854";"AANTPOPVTE";;"Polychaeta";"BS";;;11-12-2014;;"G"
45;"MEIF0066";"AANTPOPVTE";;"Crustacea";"BS";;;11-12-2014;;"G"
46;"MEIF0080";"AANTPOPVTE";;"Isopoda";"BS";;;11-12-2014;;"G"
47;"N208S00Z";"AANTPOPVTE";;"Ampharetidae";"BS";;;11-12-2014;;"G"
48;"N211S00A";"AANTPOPVTE";;"Anaitides";"BS";;;11-12-2014;;"G"
49;"N217S05Z";"AANTPOPVTE";;"Aphrodita aculeata";"BS";;;11-12-2014;;"G"
50;"N220S50Z";"AANTPOPVTE";;"Aricidea minuta";"BS";;;11-12-2014;;"G"
51;"N230S20Z";"AANTPOPVTE";;"Capitella capitata";"BS";;;11-12-2014;;"G"
52;"N237S70Z";"AANTPOPVTE";;"Chaetozone setosa";"BS";;;11-12-2014;;"G"
53;"N238S70Z";"AANTPOPVTE";;"Chaetopterus variopedatus";"BS";;;11-12-2014;;"G"
54;"N250S40Z";"AANTPOPVTE";;"Eteone flava";"BS";;;11-12-2014;;"G"
55;"N250S60Z";"AANTPOPVTE";;"Eteone longa";"BS";;;11-12-2014;;"G"
56;"N271S00G";"AANTPOPVTE";;"Glycera";"BS";;;11-12-2014;;"G"
57;"N278S00Z";"AANTPOPVTE";;"Harmothoe";"BS";;;11-12-2014;;"G"
58;"N280S10Z";"AANTPOPVTE";;"Hesionura elongata";"BS";;;11-12-2014;;"G"
59;"N283S40Z";"AANTPOPVTE";;"Heteromastus filiformis";"BS";;;11-12-2014;;"G"
60;"N290S15Z";"AANTPOPVTE";;"Kefersteinia cirrata";"BS";;;11-12-2014;;"G"
61;"N295S30Z";"AANTPOPVTE";;"Lagis koreni";"BS";;;11-12-2014;;"G"
62;"N297S20Z";"AANTPOPVTE";;"Lanice conchilega";"BS";;;11-12-2014;;"G"
63;"N320S00G";"AANTPOPVTE";;"Nephtys";"BS";;;11-12-2014;;"G"
64;"N320S10Z";"AANTPOPVTE";;"Nephtys caeca";"BS";;;11-12-2014;;"G"
65;"N320S15Z";"AANTPOPVTE";;"Nephtys cirrosa";"BS";;;11-12-2014;;"G"
66;"N320S50Z";"AANTPOPVTE";;"Nephtys longosetosa";"BS";;;11-12-2014;;"G"
67;"N325S50Z";"AANTPOPVTE";;"Notomastus latericeus";"BS";;;11-12-2014;;"G"
68;"N336S20Z";"AANTPOPVTE";;"Owenia fusiformis";"BS";;;11-12-2014;;"G"
69;"N344S50Z";"AANTPOPVTE";;"Pholoe minuta";"BS";;;11-12-2014;;"G"
70;"N348S75Z";"AANTPOPVTE";;"Poecilochaetus serpens";"BS";;;11-12-2014;;"G"
71;"N350S00Z";"AANTPOPVTE";;"Polycirrus";"BS";;;11-12-2014;;"G"
72;"N353S00Z";"AANTPOPVTE";;"Polydora";"BS";;;11-12-2014;;"G"
73;"N372S00Z";"AANTPOPVTE";;"Scolelepis";"BS";;;11-12-2014;;"G"
74;"N372S10Z";"AANTPOPVTE";;"Scolelepis bonnieri";"BS";;;11-12-2014;;"G"
75;"N374S05Z";"AANTPOPVTE";;"Scoloplos armiger";"BS";;;11-12-2014;;"G"
76;"N378S50Z";"AANTPOPVTE";;"Spio martinensis";"BS";;;11-12-2014;;"G"
77;"N382S10Z";"AANTPOPVTE";;"Spiophanes bombyx";"BS";;;11-12-2014;;"G"
78;"N388S00A";"AANTPOPVTE";;"Terebellidae";"BS";;;11-12-2014;;"G"
79;"N396S30Z";"AANTPOPVTE";;"Travisia forbesii";"BS";;;11-12-2014;;"G"
80;"N415S70Z";"AANTPOPVTE";;"Atylus swammerdami";"BS";;;11-12-2014;;"G"
81;"N420S00Z";"AANTPOPVTE";;"Bathyporeia";"BS";;;11-12-2014;;"G"
82;"N425S05Z";"AANTPOPVTE";;"Bodotria arenosa";"BS";;;11-12-2014;;"G"
83;"N425S70Z";"AANTPOPVTE";;"Bodotria scorpioides";"BS";;;11-12-2014;;"G"
84;"N430S00Z";"AANTPOPVTE";;"Callianassa";"BS";;;11-12-2014;;"G"
85;"N430S50Z";"AANTPOPVTE";;"Callianassa subterranea";"BS";;;11-12-2014;;"G"
86;"N440S00Z";"AANTPOPVTE";;"Corophium";"BS";;;11-12-2014;;"G"
87;"N443S20Z";"AANTPOPVTE";;"Crangon crangon";"BS";;;11-12-2014;;"G"
88;"N493S70Z";"AANTPOPVTE";;"Gastrosaccus spinifer";"BS";;;11-12-2014;;"G"
89;"N520S00A";"AANTPOPVTE";;"Liocarcinus";"BS";;;11-12-2014;;"G"
90;"N520S50Z";"AANTPOPVTE";;"Liocarcinus marmoreus";"BS";;;11-12-2014;;"G"
91;"N550S00Z";"AANTPOPVTE";;"Photis";"BS";;;11-12-2014;;"G"
92;"N555S55Z";"AANTPOPVTE";;"Pisidia longicornis";"BS";;;11-12-2014;;"G"
93;"N560S05Z";"AANTPOPVTE";;"Pontocrates altamarinus";"BS";;;11-12-2014;;"G"
94;"N580S00Z";"AANTPOPVTE";;"Stenothoe";"BS";;;11-12-2014;;"G"
95;"N595S00Z";"AANTPOPVTE";;"Urothoe";"BS";;;11-12-2014;;"G"
96;"N595S60Z";"AANTPOPVTE";;"Urothoe poseidonis";"BS";;;11-12-2014;;"G"
97;"N601S10Z";"AANTPOPVTE";;"Abra alba";"BS";;;11-12-2014;;"G"
98;"N720S05Z";"AANTPOPVTE";;"Mya arenaria";"BS";;;11-12-2014;;"G"
99;"N760S50Z";"AANTPOPVTE";;"Phaxas pellucidus";"BS";;;11-12-2014;;"G"
100;"N805S75Z";"AANTPOPVTE";;"Amphipholis squamata";"BS";;;11-12-2014;;"G"
101;"N815S75Z";"AANTPOPVTE";;"Asterias rubens";"BS";;;11-12-2014;;"G"
102;"N840S20Z";"AANTPOPVTE";;"Echinocardium cordatum";"BS";;;11-12-2014;;"G"
103;"N925S05Z";"AANTPOPVTE";;"Ophiura albida";"BS";;;11-12-2014;;"G"
104;"NA90S00Z";"AANTPOPVTE";;"Nemertea";"BS";;;11-12-2014;;"G"
105;"NIXXZZZZ";"CONCTTE";"Ni";;"OW";;"nf";11-12-2014;;"G"
106;"ODDTUF02";"CONCTTE";"24DDT";;"OW";;;11-12-2014;;"G"
574;"ODSDM021";"SALNTT";;;"OW";;"NVT";01-10-2016;;"G"
107;"OXMFD004";"AANTPOPVTE";;"Echinodermata";"BS";;;11-12-2014;;"G"
108;"PAHSM001";"MASSFTE";"Ant";;"ZS";;"dg";11-12-2014;;"G"
109;"PAHSM004";"MASSFTE";"BbF";;"ZS";;"dg";11-12-2014;;"G"
110;"PAHSM005";"MASSFTE";"BaP";;"ZS";;"dg";11-12-2014;;"G"
111;"PAHSM006";"MASSFTE";"BghiPe";;"ZS";;"dg";11-12-2014;;"G"
112;"PAHSM007";"MASSFTE";"BkF";;"ZS";;"dg";11-12-2014;;"G"
113;"PAHSM009";"MASSFTE";"Flu";;"ZS";;"dg";11-12-2014;;"G"
114;"PAHSM010";"MASSFTE";"InP";;"ZS";;"dg";11-12-2014;;"G"
115;"PBAFWC01";"CONCTTE";"Pb";;"OW";;"nf";11-12-2014;;"G"
116;"PBUFWC02";"CONCTTE";"Pb";;"OW";;;11-12-2014;;"G"
117;"PDDTUF02";"CONCTTE";"44DDT";;"OW";;;11-12-2014;;"G"
573;"PHOSKGDS";"CONCTTE";"PO4";;"OW";;"Pnf";01-10-2016;;"G"
575;"PSSTTS01";"T";;;"OW";;"NVT";04-10-2016;;"G"
118;"RWS00001";"CONCTTE";"111TClC2a";;"OW";;;11-12-2014;;"G"
119;"RWS00002";"CONCTTE";"1122T4ClC2a";;"OW";;;11-12-2014;;"G"
120;"RWS00003";"CONCTTE";"112TClC2a";;"OW";;;11-12-2014;;"G"
121;"RWS00004";"CONCTTE";"11DClC2a";;"OW";;;11-12-2014;;"G"
122;"RWS00005";"CONCTTE";"11DClC2e";;"OW";;;11-12-2014;;"G"
123;"RWS00006";"CONCTTE";"123TClBen";;"OW";;;11-12-2014;;"G"
124;"RWS00007";"CONCTTE";"124TClBen";;"OW";;;11-12-2014;;"G"
125;"RWS00008";"CONCTTE";"12DClBen";;"OW";;;11-12-2014;;"G"
126;"RWS00009";"CONCTTE";"12DClC2a";;"OW";;;11-12-2014;;"G"
127;"RWS00010";"CONCTTE";"12DClC3a";;"OW";;;11-12-2014;;"G"
128;"RWS00011";"CONCTTE";"12xyln";;"OW";;;11-12-2014;;"G"
129;"RWS00012";"CONCTTE";"135TClBen";;"OW";;;11-12-2014;;"G"
130;"RWS00013";"CONCTTE";"13DClBen";;"OW";;;11-12-2014;;"G"
131;"RWS00014";"CONCTTE";"14DClBen";;"OW";;;11-12-2014;;"G"
132;"RWS00015";"CONCTTE";"alCl";;"OW";;;11-12-2014;;"G"
133;"RWS00016";"CONCTTE";"aldn";;"OW";;;11-12-2014;;"G"
134;"RWS00017";"CONCTTE";"aedsfn";;"OW";;;11-12-2014;;"G"
135;"RWS00018";"CONCTTE";"bentzn";;"OW";;;11-12-2014;;"G"
136;"RWS00019";"CONCTTE";"bedsfn";;"OW";;;11-12-2014;;"G"
137;"RWS00020";"CONCTTE";"ClBen";;"OW";;;11-12-2014;;"G"
138;"RWS00021";"CONCTTE";"Na";;"OW";;;11-12-2014;;"G"
139;"RWS00022";"CONCTTE";"K";;"OW";;;11-12-2014;;"G"
140;"RWS00023";"CONCTTE";"Ca";;"OW";;;11-12-2014;;"G"
141;"RWS00024";"CONCTTE";"Mg";;"OW";;;11-12-2014;;"G"
142;"RWS00025";"CONCTTE";"As";;"OW";;;11-12-2014;;"G"
143;"RWS00026";"CONCTTE";"Se";;"OW";;;11-12-2014;;"G"
144;"RWS00027";"CONCTTE";"Ni";;"OW";;;11-12-2014;;"G"
145;"RWS00028";"CONCTTE";"Zn";;"OW";;;11-12-2014;;"G"
146;"RWS00029";"CONCTTE";"Ba";;"OW";;;11-12-2014;;"G"
147;"RWS00030";"CONCTTE";"Be";;"OW";;;11-12-2014;;"G"
148;"RWS00031";"CONCTTE";"Sb";;"OW";;;11-12-2014;;"G"
149;"RWS00032";"CONCTTE";"Mn";;"OW";;;11-12-2014;;"G"
150;"RWS00033";"CONCTTE";"Fe";;"OW";;;11-12-2014;;"G"
151;"RWS00034";"CONCTTE";"B";;"OW";;;11-12-2014;;"G"
152;"RWS00035";"CONCTTE";"U";;"OW";;;11-12-2014;;"G"
153;"RWS00036";"CONCTTE";"Te";;"OW";;;11-12-2014;;"G"
154;"RWS00037";"CONCTTE";"Ag";;"OW";;;11-12-2014;;"G"
155;"RWS00038";"CONCTTE";"Ti";;"OW";;;11-12-2014;;"G"
156;"RWS00039";"CONCTTE";"Co";;"OW";;;11-12-2014;;"G"
157;"RWS00040";"CONCTTE";"Mo";;"OW";;;11-12-2014;;"G"
158;"RWS00041";"CONCTTE";"Sn";;"OW";;;11-12-2014;;"G"
159;"RWS00042";"CONCTTE";"V";;"OW";;;11-12-2014;;"G"
160;"RWS00043";"CONCTTE";"Tl";;"OW";;;11-12-2014;;"G"
161;"RWS00044";"CONCTTE";"Sr";;"OW";;;11-12-2014;;"G"
162;"RWS00045";"CONCTTE";"Li";;"OW";;;11-12-2014;;"G"
163;"RWS00046";"CONCTTE";"Rb";;"OW";;;11-12-2014;;"G"
164;"RWS00047";"CONCTTE";"cHCH";;"OW";;;11-12-2014;;"G"
165;"RWS00048";"CONCTTE";"24DP";;"OW";;;11-12-2014;;"G"
166;"RWS00049";"CONCTTE";"44DDD";;"OW";;;11-12-2014;;"G"
167;"RWS00050";"CONCTTE";"44DDE";;"OW";;;11-12-2014;;"G"
168;"RWS00051";"CONCTTE";"PBDE209";;"OW";;;11-12-2014;;"G"
169;"RWS00052";"CONCTTE";"PBDE138";;"OW";;;11-12-2014;;"G"
170;"RWS00053";"CONCTTE";"PBDE85";;"OW";;;11-12-2014;;"G"
171;"RWS00054";"CONCTTE";"PBDE153";;"OW";;;11-12-2014;;"G"
172;"RWS00055";"CONCTTE";"PBDE154";;"OW";;;11-12-2014;;"G"
173;"RWS00056";"CONCTTE";"PBDE99";;"OW";;;11-12-2014;;"G"
174;"RWS00057";"CONCTTE";"PBDE100";;"OW";;;11-12-2014;;"G"
175;"RWS00058";"CONCTTE";"PBDE47";;"OW";;;11-12-2014;;"G"
176;"RWS00059";"CONCTTE";"PBDE49";;"OW";;;11-12-2014;;"G"
177;"RWS00060";"CONCTTE";"PBDE28";;"OW";;;11-12-2014;;"G"
178;"RWS00061";"CONCTTE";"aHCH";;"OW";;;11-12-2014;;"G"
179;"RWS00062";"CONCTTE";"bHCH";;"OW";;;11-12-2014;;"G"
180;"RWS00063";"CONCTTE";"135TClBen";;"OW";;;11-12-2014;;"G"
181;"RWS00064";"CONCTTE";"124TClBen";;"OW";;;11-12-2014;;"G"
182;"RWS00065";"CONCTTE";"123TClBen";;"OW";;;11-12-2014;;"G"
183;"RWS00066";"CONCTTE";"irgrl";;"OW";;;11-12-2014;;"G"
184;"RWS00067";"CONCTTE";"DC4ySn";;"OW";;;11-12-2014;;"G"
185;"RWS00068";"CONCTTE";"DFySn";;"OW";;;11-12-2014;;"G"
186;"RWS00069";"CONCTTE";"T4C4ySn";;"OW";;;11-12-2014;;"G"
187;"RWS00070";"CONCTTE";"TFySn";;"OW";;;11-12-2014;;"G"
188;"RWS00071";"CONCTTE";"DEHP";;"OW";;;11-12-2014;;"G"
189;"RWS00072";"CONCTTE";"captn";;"OW";;;11-12-2014;;"G"
190;"RWS00073";"CONCTTE";"Clfvfs";;"OW";;;11-12-2014;;"G"
191;"RWS00074";"CONCTTE";"Clpfm";;"OW";;;11-12-2014;;"G"
192;"RWS00075";"CONCTTE";"C2yClprfs";;"OW";;;11-12-2014;;"G"
193;"RWS00076";"CONCTTE";"Cltlrn";;"OW";;;11-12-2014;;"G"
194;"RWS00077";"CONCTTE";"Clidzn";;"OW";;;11-12-2014;;"G"
195;"RWS00078";"CONCTTE";"cumfs";;"OW";;;11-12-2014;;"G"
196;"RWS00079";"CONCTTE";"dmtn";;"OW";;;11-12-2014;;"G"
197;"RWS00080";"CONCTTE";"Daznn";;"OW";;;11-12-2014;;"G"
198;"RWS00081";"CONCTTE";"DClvs";;"OW";;;11-12-2014;;"G"
199;"RWS00082";"CONCTTE";"dieldn";;"OW";;;11-12-2014;;"G"
200;"RWS00083";"CONCTTE";"Dmtat";;"OW";;;11-12-2014;;"G"
201;"RWS00084";"CONCTTE";"Dtann";;"OW";;;11-12-2014;;"G"
202;"RWS00085";"CONCTTE";"dodne";;"OW";;;11-12-2014;;"G"
203;"RWS00086";"CONCTTE";"endn";;"OW";;;11-12-2014;;"G"
204;"RWS00087";"CONCTTE";"esfvlrt";;"OW";;;11-12-2014;;"G"
205;"RWS00088";"CONCTTE";"C2yazfs";;"OW";;;11-12-2014;;"G"
206;"RWS00089";"CONCTTE";"C2yprton";;"OW";;;11-12-2014;;"G"
207;"RWS00090";"CONCTTE";"fenamfs";;"OW";;;11-12-2014;;"G"
208;"RWS00091";"CONCTTE";"feNO2ton";;"OW";;;11-12-2014;;"G"
209;"RWS00092";"CONCTTE";"fenOxcb";;"OW";;;11-12-2014;;"G"
210;"RWS00093";"CONCTTE";"C2yBen";;"OW";;;11-12-2014;;"G"
211;"RWS00094";"CONCTTE";"fenton";;"OW";;;11-12-2014;;"G"
212;"RWS00095";"CONCTTE";"HpCl";;"OW";;;11-12-2014;;"G"
213;"RWS00096";"CONCTTE";"heptnfs";;"OW";;;11-12-2014;;"G"
214;"RWS00097";"CONCTTE";"imdcpd";;"OW";;;11-12-2014;;"G"
215;"RWS00098";"CONCTTE";"idn";;"OW";;;11-12-2014;;"G"
216;"RWS00099";"CONCTTE";"iptrn";;"OW";;;11-12-2014;;"G"
217;"RWS00100";"CONCTTE";"lcyhltn";;"OW";;;11-12-2014;;"G"
218;"RWS00101";"CONCTTE";"linrn";;"OW";;;11-12-2014;;"G"
219;"RWS00102";"CONCTTE";"malton";;"OW";;;11-12-2014;;"G"
220;"RWS00103";"CONCTTE";"metbtazrn";;"OW";;;11-12-2014;;"G"
221;"RWS00104";"CONCTTE";"C1yazfs";;"OW";;;11-12-2014;;"G"
222;"RWS00105";"CONCTTE";"C1yClprfs";;"OW";;;11-12-2014;;"G"
223;"RWS00106";"CONCTTE";"C1ymsfrn";;"OW";;;11-12-2014;;"G"
224;"RWS00107";"CONCTTE";"metlCl";;"OW";;;11-12-2014;;"G"
225;"RWS00108";"CONCTTE";"mevfs";;"OW";;;11-12-2014;;"G"
226;"RWS00109";"CONCTTE";"Mlnrn";;"OW";;;11-12-2014;;"G"
227;"RWS00110";"CONCTTE";"Naf";;"OW";;;11-12-2014;;"G"
228;"RWS00111";"CONCTTE";"C1yprton";;"OW";;;11-12-2014;;"G"
229;"RWS00112";"CONCTTE";"pirmcb";;"OW";;;11-12-2014;;"G"
230;"RWS00113";"CONCTTE";"C1yprmfs";;"OW";;;11-12-2014;;"G"
231;"RWS00114";"CONCTTE";"propxr";;"OW";;;11-12-2014;;"G"
232;"RWS00115";"CONCTTE";"pyrdbn";;"OW";;;11-12-2014;;"G"
233;"RWS00116";"CONCTTE";"pyrpxfn";;"OW";;;11-12-2014;;"G"
234;"RWS00117";"CONCTTE";"simzne";;"OW";;;11-12-2014;;"G"
235;"RWS00118";"CONCTTE";"styrn";;"OW";;;11-12-2014;;"G"
236;"RWS00119";"CONCTTE";"cumn";;"OW";;;11-12-2014;;"G"
237;"RWS00120";"CONCTTE";"tefbzrn";;"OW";;;11-12-2014;;"G"
238;"RWS00121";"CONCTTE";"terbtn";;"OW";;;11-12-2014;;"G"
239;"RWS00122";"CONCTTE";"terC4yazne";;"OW";;;11-12-2014;;"G"
240;"RWS00123";"CONCTTE";"tolcfsC1y";;"OW";;;11-12-2014;;"G"
241;"RWS00124";"CONCTTE";"Tazfs";;"OW";;;11-12-2014;;"G"
242;"RWS00125";"CONCTTE";"Tfrlne";;"OW";;;11-12-2014;;"G"
243;"RWS00126";"CONCTTE";"dHCH";;"OW";;;11-12-2014;;"G"
244;"RWS00127";"CONCTTE";"HxClbtDen";;"OW";;;11-12-2014;;"G"
245;"RWS00128";"CONCTTE";"HxClC2a";;"OW";;;11-12-2014;;"G"
246;"RWS00129";"CONCTTE";"PeClBen";;"OW";;;11-12-2014;;"G"
247;"RWS00130";"CONCTTE";"PeClFol";;"OW";;;11-12-2014;;"G"
248;"RWS00131";"CONCTTE";"c12DClC2e";;"OW";;;11-12-2014;;"G"
249;"RWS00132";"CONCTTE";"t12DClC2e";;"OW";;;11-12-2014;;"G"
250;"RWS00133";"CONCTTE";"HH";;"OW";;;11-12-2014;;"G"
251;"RWS00134";"CONCTTE";"cHpClepO";;"OW";;;11-12-2014;;"G"
252;"RWS00135";"CONCTTE";"tHpClepO";;"OW";;;11-12-2014;;"G"
253;"RWS00136";"CONCTTE";"s4C9yFol";;"OW";;;11-12-2014;;"G"
254;"RWS00137";"CONCTTE";"TClC2e";;"OW";;;11-12-2014;;"G"
255;"RWS00138";"CONCTTE";"simzne";;"OW";;;11-12-2014;;"G"
256;"RWS00139";"CONCTTE";"Durn";;"OW";;;11-12-2014;;"G"
257;"RWS00140";"CONCTTE";"atzne";;"OW";;;11-12-2014;;"G"
258;"RWS00141";"CONCTTE";"As";;"OW";;"nf";11-12-2014;;"G"
259;"RWS00142";"CONCTTE";"Se";;"OW";;"nf";11-12-2014;;"G"
260;"RWS00143";"CONCTTE";"Sb";;"OW";;"nf";11-12-2014;;"G"
261;"RWS00144";"CONCTTE";"B";;"OW";;"nf";11-12-2014;;"G"
262;"RWS00145";"CONCTTE";"Te";;"OW";;"nf";11-12-2014;;"G"
263;"RWS00146";"CONCTTE";"Zn";;"OW";;"nf";11-12-2014;;"G"
264;"RWS00147";"CONCTTE";"Ba";;"OW";;"nf";11-12-2014;;"G"
265;"RWS00148";"CONCTTE";"Be";;"OW";;"nf";11-12-2014;;"G"
266;"RWS00149";"CONCTTE";"Li";;"OW";;"nf";11-12-2014;;"G"
267;"RWS00150";"CONCTTE";"Mn";;"OW";;"nf";11-12-2014;;"G"
268;"RWS00151";"CONCTTE";"Fe";;"OW";;"nf";11-12-2014;;"G"
269;"RWS00152";"CONCTTE";"Rb";;"OW";;"nf";11-12-2014;;"G"
270;"RWS00153";"CONCTTE";"U";;"OW";;"nf";11-12-2014;;"G"
271;"RWS00154";"CONCTTE";"Ag";;"OW";;"nf";11-12-2014;;"G"
272;"RWS00155";"CONCTTE";"Ti";;"OW";;"nf";11-12-2014;;"G"
273;"RWS00156";"CONCTTE";"Co";;"OW";;"nf";11-12-2014;;"G"
274;"RWS00157";"CONCTTE";"Mo";;"OW";;"nf";11-12-2014;;"G"
275;"RWS00158";"CONCTTE";"Sn";;"OW";;"nf";11-12-2014;;"G"
276;"RWS00159";"CONCTTE";"V";;"OW";;"nf";11-12-2014;;"G"
277;"RWS00160";"CONCTTE";"Tl";;"OW";;"nf";11-12-2014;;"G"
278;"RWS00161";"CONCTTE";"Sr";;"OW";;"nf";11-12-2014;;"G"
279;"RWSPM001";"MASSFTE";"PBDE153";;"ZS";;"dg";11-12-2014;;"G"
280;"RWSPM002";"MASSFTE";"PBDE154";;"ZS";;"dg";11-12-2014;;"G"
281;"RWSPM003";"MASSFTE";"PBDE99";;"ZS";;"dg";11-12-2014;;"G"
282;"RWSPM004";"MASSFTE";"PBDE100";;"ZS";;"dg";11-12-2014;;"G"
283;"RWSPM005";"MASSFTE";"PBDE47";;"ZS";;"dg";11-12-2014;;"G"
284;"RWSPM006";"MASSFTE";"PBDE28";;"ZS";;"dg";11-12-2014;;"G"
285;"RWSPM007";"MASSFTE";"24DDT";;"ZS";;"dg";11-12-2014;;"G"
286;"RWSPM008";"MASSFTE";"44DDD";;"ZS";;"dg";11-12-2014;;"G"
287;"RWSPM009";"MASSFTE";"44DDE";;"ZS";;"dg";11-12-2014;;"G"
288;"RWSPM010";"MASSFTE";"44DDT";;"ZS";;"dg";11-12-2014;;"G"
289;"RWSPM011";"MASSFTE";"aldn";;"ZS";;"dg";11-12-2014;;"G"
290;"RWSPM012";"MASSFTE";"aedsfn";;"ZS";;"dg";11-12-2014;;"G"
291;"RWSPM013";"MASSFTE";"cHpClepO";;"ZS";;"dg";11-12-2014;;"G"
292;"RWSPM014";"MASSFTE";"dieldn";;"ZS";;"dg";11-12-2014;;"G"
293;"RWSPM015";"MASSFTE";"endn";;"ZS";;"dg";11-12-2014;;"G"
294;"RWSPM016";"MASSFTE";"cHCH";;"ZS";;"dg";11-12-2014;;"G"
295;"RWSPM017";"MASSFTE";"HpCl";;"ZS";;"dg";11-12-2014;;"G"
296;"RWSPM018";"MASSFTE";"HxClbtDen";;"ZS";;"dg";11-12-2014;;"G"
297;"RWSPM019";"MASSFTE";"idn";;"ZS";;"dg";11-12-2014;;"G"
298;"RWSPM020";"MASSFTE";"Naf";;"ZS";;"dg";11-12-2014;;"G"
299;"RWSPM021";"MASSFTE";"PeClBen";;"ZS";;"dg";11-12-2014;;"G"
300;"RWSPM022";"MASSFTE";"teldn";;"ZS";;"dg";11-12-2014;;"G"
301;"RWSPM023";"MASSFTE";"aHCH";;"ZS";;"dg";11-12-2014;;"G"
302;"RWSPM024";"MASSFTE";"bHCH";;"ZS";;"dg";11-12-2014;;"G"
303;"RWSPM025";"MASSFTE";"tHpClepO";;"ZS";;"dg";11-12-2014;;"G"
304;"RWSPM026";"MASSFTE";"T4C4ySn";;"ZS";;"dg";11-12-2014;;"G"
305;"RWSSED01";"MASSFTE";"Ba";;"BS";"Dk0063";"dg";11-12-2014;;"G"
306;"RWSSED02";"MASSFTE";"V";;"BS";"Dk0063";"dg";11-12-2014;;"G"
307;"RWSSED03";"MASSFTE";"Ag";;"BS";"Dk0063";"dg";11-12-2014;;"G"
308;"RWSSED04";"MASSFTE";"Ti";;"BS";"Dk0063";"dg";11-12-2014;;"G"
309;"RWSSED05";"MASSFTE";"Sr";;"BS";"Dk0063";"dg";11-12-2014;;"G"
310;"RWSSED06";"MASSFTE";"La";;"BS";"Dk0063";"dg";11-12-2014;;"G"
311;"RWSSED07";"MASSFTE";"Cs";;"BS";"Dk0063";"dg";11-12-2014;;"G"
312;"RWSSED08";"MASSFTE";"Ga";;"BS";"Dk0063";"dg";11-12-2014;;"G"
313;"RWSSED09";"MASSFTE";"Ge";;"BS";"Dk0063";"dg";11-12-2014;;"G"
314;"RWSSED10";"MASSFTE";"Mo";;"BS";"Dk0063";"dg";11-12-2014;;"G"
315;"RWSSED11";"MASSFTE";"Rb";;"BS";"Dk0063";"dg";11-12-2014;;"G"
316;"RWSSED12";"MASSFTE";"Sn";;"BS";"Dk0063";"dg";11-12-2014;;"G"
317;"RWSSED13";"MASSFTE";"Th";;"BS";"Dk0063";"dg";11-12-2014;;"G"
318;"RWSSED14";"MASSFTE";"U";;"BS";"Dk0063";"dg";11-12-2014;;"G"
319;"RWSSED15";"MASSFTE";"Y";;"BS";"Dk0063";"dg";11-12-2014;;"G"
320;"RWSSED16";"MASSFTE";"K";;"BS";"Dk0063";"dg";11-12-2014;;"G"
321;"RWSSED17";"MASSFTE";"Mg";;"BS";"Dk0063";"dg";11-12-2014;;"G"
322;"RWSSED18";"MASSFTE";"Ce";;"BS";"Dk0063";"dg";11-12-2014;;"G"
323;"RWSSED19";"MASSFTE";"Nd";;"BS";"Dk0063";"dg";11-12-2014;;"G"
324;"RWSSED20";"MASSFTE";"PBDE153";;"BS";"Dk0063";"dg";11-12-2014;;"G"
325;"RWSSED21";"MASSFTE";"PBDE154";;"BS";"Dk0063";"dg";11-12-2014;;"G"
326;"RWSSED22";"MASSFTE";"PBDE99";;"BS";"Dk0063";"dg";11-12-2014;;"G"
327;"RWSSED23";"MASSFTE";"PBDE100";;"BS";"Dk0063";"dg";11-12-2014;;"G"
328;"RWSSED24";"MASSFTE";"PBDE47";;"BS";"Dk0063";"dg";11-12-2014;;"G"
329;"RWSSED25";"MASSFTE";"PBDE75";;"BS";"Dk0063";"dg";11-12-2014;;"G"
330;"RWSSED26";"MASSFTE";"PBDE28";;"BS";"Dk0063";"dg";11-12-2014;;"G"
331;"RWSSED27";"MASSFTE";"HxClbtDen";;"BS";"Dk0063";"dg";11-12-2014;;"G"
332;"RWSSED28";"MASSFTE";"HCB";;"BS";"Dk0063";"dg";11-12-2014;;"G"
333;"RWSSED29";"MASSFTE";"Cr";;"BS";"Dk0063";"dg";11-12-2014;;"G"
334;"RWSSED30";"MASSFTE";"Cu";;"BS";"Dk0063";"dg";11-12-2014;;"G"
335;"RWSSED31";"MASSFTE";"Ni";;"BS";"Dk0063";"dg";11-12-2014;;"G"
336;"RWSSED32";"MASSFTE";"Zn";;"BS";"Dk0063";"dg";11-12-2014;;"G"
337;"RWSSED33";"MASSFTE";"As";;"BS";"Dk0063";"dg";11-12-2014;;"G"
338;"RWSSED34";"MASSFTE";"Al";;"BS";"Dk0063";"dg";11-12-2014;;"G"
339;"RWSSED35";"MASSFTE";"Ca";;"BS";"Dk0063";"dg";11-12-2014;;"G"
340;"RWSSED36";"MASSFTE";"Co";;"BS";"Dk0063";"dg";11-12-2014;;"G"
341;"RWSSED37";"MASSFTE";"Mn";;"BS";"Dk0063";"dg";11-12-2014;;"G"
342;"RWSSED38";"MASSFTE";"Fe";;"BS";"Dk0063";"dg";11-12-2014;;"G"
343;"RWSX0001";"CONCTTE";"TClC1a";;"OW";;;11-12-2014;;"G"
344;"RWSX0002";"CONCTTE";"T4ClC1a";;"OW";;;11-12-2014;;"G"
345;"RWSX0003";"CONCTTE";"Ben";;"OW";;;11-12-2014;;"G"
346;"RWSX0004";"CONCTTE";"DClC1a";;"OW";;;11-12-2014;;"G"
347;"RWSX0005";"CONCTTE";"T4ClC2e";;"OW";;;11-12-2014;;"G"
348;"RWSX0006";"CONCTTE";"Tol";;"OW";;;11-12-2014;;"G"
349;"TBTUFW02";"CONCTTE";"TC4ySn";;"OW";;;11-12-2014;;"G"
350;"ZBN00005";"AANTPOPVTE";;"Abra";"BS";;;11-12-2014;;"G"
351;"ZBN00014";"AANTPOPVTE";;"Achelia echinata";"BS";;;11-12-2014;;"G"
352;"ZBN00026";"AANTPOPVTE";;"Agonus cataphractus";"BS";;;11-12-2014;;"G"
353;"ZBN00034";"AANTPOPVTE";;"Ammodytes";"BS";;;11-12-2014;;"G"
354;"ZBN00035";"AANTPOPVTE";;"Ammodytes tobianus";"BS";;;11-12-2014;;"G"
355;"ZBN00036";"AANTPOPVTE";;"Ampelisca brevicornis";"BS";;;11-12-2014;;"G"
356;"ZBN00043";"AANTPOPVTE";;"Ampharete acutifrons";"BS";;;11-12-2014;;"G"
357;"ZBN00045";"AANTPOPVTE";;"Amphilochus neapolitanus";"BS";;;11-12-2014;;"G"
358;"ZBN00046";"AANTPOPVTE";;"Amphipoda";"BS";;;11-12-2014;;"G"
359;"ZBN00060";"AANTPOPVTE";;"Annelida";"BS";;;11-12-2014;;"G"
360;"ZBN00066";"AANTPOPVTE";;"Anoplodactylus petiolatus";"BS";;;11-12-2014;;"G"
361;"ZBN00068";"AANTPOPVTE";;"Anthozoa";"BS";;;11-12-2014;;"G"
362;"ZBN00072";"AANTPOPVTE";;"Aoridae";"BS";;;11-12-2014;;"G"
363;"ZBN00073";"AANTPOPVTE";;"Aphelochaeta marioni";"BS";;;11-12-2014;;"G"
364;"ZBN00077";"AANTPOPVTE";;"Apherusa ovalipes";"BS";;;11-12-2014;;"G"
365;"ZBN00078";"AANTPOPVTE";;"Aphia minuta";"BS";;;11-12-2014;;"G"
366;"ZBN00086";"AANTPOPVTE";;"Arenicola marina";"BS";;;11-12-2014;;"G"
367;"ZBN00097";"AANTPOPVTE";;"Arnoglossus laterna";"BS";;;11-12-2014;;"G"
368;"ZBN00118";"AANTPOPVTE";;"Athanas nitescens";"BS";;;11-12-2014;;"G"
369;"ZBN00125";"AANTPOPVTE";;"Atylus falcatus";"BS";;;11-12-2014;;"G"
370;"ZBN00132";"AANTPOPVTE";;"Autolytus";"BS";;;11-12-2014;;"G"
371;"ZBN00133";"AANTPOPVTE";;"Autolytus brachycephalus";"BS";;;11-12-2014;;"G"
372;"ZBN00134";"AANTPOPVTE";;"Autolytus langerhansi";"BS";;;11-12-2014;;"G"
373;"ZBN00144";"AANTPOPVTE";;"Barnea candida";"BS";;;11-12-2014;;"G"
374;"ZBN00147";"AANTPOPVTE";;"Bathyporeia elegans";"BS";;;11-12-2014;;"G"
375;"ZBN00148";"AANTPOPVTE";;"Bathyporeia guilliamsoniana";"BS";;;11-12-2014;;"G"
376;"ZBN00150";"AANTPOPVTE";;"Bathyporeia pelagica";"BS";;;11-12-2014;;"G"
377;"ZBN00151";"AANTPOPVTE";;"Bathyporeia pilosa";"BS";;;11-12-2014;;"G"
378;"ZBN00152";"AANTPOPVTE";;"Bathyporeia sarsi";"BS";;;11-12-2014;;"G"
379;"ZBN00153";"AANTPOPVTE";;"Bathyporeia tenuipes";"BS";;;11-12-2014;;"G"
380;"ZBN00158";"AANTPOPVTE";;"Bivalvia";"BS";;;11-12-2014;;"G"
381;"ZBN00162";"AANTPOPVTE";;"Bodotria pulchella";"BS";;;11-12-2014;;"G"
382;"ZBN00167";"AANTPOPVTE";;"Botryllus schlosseri";"BS";;;11-12-2014;;"G"
383;"ZBN00171";"AANTPOPVTE";;"Brachyura";"BS";;;11-12-2014;;"G"
384;"ZBN00182";"AANTPOPVTE";;"Buglossidium luteum";"BS";;;11-12-2014;;"G"
385;"ZBN00195";"AANTPOPVTE";;"Callionymus lyra";"BS";;;11-12-2014;;"G"
386;"ZBN00196";"AANTPOPVTE";;"Callionymus reticulatus";"BS";;;11-12-2014;;"G"
387;"ZBN00204";"AANTPOPVTE";;"Cancer pagurus";"BS";;;11-12-2014;;"G"
388;"ZBN00207";"AANTPOPVTE";;"Capitellidae";"BS";;;11-12-2014;;"G"
389;"ZBN00211";"AANTPOPVTE";;"Caprellidae";"BS";;;11-12-2014;;"G"
390;"ZBN00213";"AANTPOPVTE";;"Carcinus maenas";"BS";;;11-12-2014;;"G"
391;"ZBN00215";"AANTPOPVTE";;"Caridea";"BS";;;11-12-2014;;"G"
392;"ZBN00225";"AANTPOPVTE";;"Cerastoderma";"BS";;;11-12-2014;;"G"
393;"ZBN00226";"AANTPOPVTE";;"Cerastoderma edule";"BS";;;11-12-2014;;"G"
394;"ZBN00242";"AANTPOPVTE";;"Chaetognatha";"BS";;;11-12-2014;;"G"
395;"ZBN00323";"AANTPOPVTE";;"Corophium acherusicum";"BS";;;11-12-2014;;"G"
396;"ZBN00325";"AANTPOPVTE";;"Corophium arenarium";"BS";;;11-12-2014;;"G"
397;"ZBN00331";"AANTPOPVTE";;"Corophium sextonae";"BS";;;11-12-2014;;"G"
398;"ZBN00332";"AANTPOPVTE";;"Corophium volutator";"BS";;;11-12-2014;;"G"
399;"ZBN00339";"AANTPOPVTE";;"Crangon";"BS";;;11-12-2014;;"G"
400;"ZBN00340";"AANTPOPVTE";;"Crangon allmanni";"BS";;;11-12-2014;;"G"
401;"ZBN00342";"AANTPOPVTE";;"Crangonidae";"BS";;;11-12-2014;;"G"
402;"ZBN00344";"AANTPOPVTE";;"Crassostrea";"BS";;;11-12-2014;;"G"
403;"ZBN00347";"AANTPOPVTE";;"Crepidula fornicata";"BS";;;11-12-2014;;"G"
404;"ZBN00375";"AANTPOPVTE";;"Cumacea";"BS";;;11-12-2014;;"G"
405;"ZBN00376";"AANTPOPVTE";;"Cumopsis goodsir";"BS";;;11-12-2014;;"G"
406;"ZBN00389";"AANTPOPVTE";;"Decapoda";"BS";;;11-12-2014;;"G"
407;"ZBN00404";"AANTPOPVTE";;"Diastylis";"BS";;;11-12-2014;;"G"
408;"ZBN00405";"AANTPOPVTE";;"Diastylis bradyi";"BS";;;11-12-2014;;"G"
409;"ZBN00408";"AANTPOPVTE";;"Diastylis rathkei";"BS";;;11-12-2014;;"G"
410;"ZBN00417";"AANTPOPVTE";;"Diogenes pugilator";"BS";;;11-12-2014;;"G"
411;"ZBN00424";"AANTPOPVTE";;"Donax vittatus";"BS";;;11-12-2014;;"G"
412;"ZBN00444";"AANTPOPVTE";;"Echiichthys vipera";"BS";;;11-12-2014;;"G"
413;"ZBN00445";"AANTPOPVTE";;"Echinocardium";"BS";;;11-12-2014;;"G"
414;"ZBN00483";"AANTPOPVTE";;"Ensis";"BS";;;11-12-2014;;"G"
415;"ZBN00485";"AANTPOPVTE";;"Ensis directus";"BS";;;11-12-2014;;"G"
416;"ZBN00486";"AANTPOPVTE";;"Ensis ensis";"BS";;;11-12-2014;;"G"
417;"ZBN00489";"AANTPOPVTE";;"Enteropneusta";"BS";;;11-12-2014;;"G"
418;"ZBN00502";"AANTPOPVTE";;"Eriocheir sinensis";"BS";;;11-12-2014;;"G"
419;"ZBN00512";"AANTPOPVTE";;"Eteone";"BS";;;11-12-2014;;"G"
420;"ZBN00514";"AANTPOPVTE";;"Eteone foliosa";"BS";;;11-12-2014;;"G"
421;"ZBN00530";"AANTPOPVTE";;"Eumida";"BS";;;11-12-2014;;"G"
422;"ZBN00532";"AANTPOPVTE";;"Eumida sanguinea";"BS";;;11-12-2014;;"G"
423;"ZBN00536";"AANTPOPVTE";;"Eurydice pulchra";"BS";;;11-12-2014;;"G"
424;"ZBN00540";"AANTPOPVTE";;"Eutrigla gurnardus";"BS";;;11-12-2014;;"G"
425;"ZBN00561";"AANTPOPVTE";;"Gadus morhua";"BS";;;11-12-2014;;"G"
426;"ZBN00564";"AANTPOPVTE";;"Gammaridae";"BS";;;11-12-2014;;"G"
427;"ZBN00565";"AANTPOPVTE";;"Gammaridea";"BS";;;11-12-2014;;"G"
428;"ZBN00570";"AANTPOPVTE";;"Gammarus";"BS";;;11-12-2014;;"G"
429;"ZBN00574";"AANTPOPVTE";;"Gammarus locusta";"BS";;;11-12-2014;;"G"
430;"ZBN00583";"AANTPOPVTE";;"Gastrosaccus";"BS";;;11-12-2014;;"G"
431;"ZBN00597";"AANTPOPVTE";;"Glycera alba";"BS";;;11-12-2014;;"G"
432;"ZBN00598";"AANTPOPVTE";;"Glycera lapidum";"BS";;;11-12-2014;;"G"
433;"ZBN00600";"AANTPOPVTE";;"Glycera tridactyla";"BS";;;11-12-2014;;"G"
434;"ZBN00649";"AANTPOPVTE";;"Harmothoe imbricata";"BS";;;11-12-2014;;"G"
435;"ZBN00650";"AANTPOPVTE";;"Harmothoe impar";"BS";;;11-12-2014;;"G"
436;"ZBN00664";"AANTPOPVTE";;"Haustorius arenarius";"BS";;;11-12-2014;;"G"
437;"ZBN00692";"AANTPOPVTE";;"Hippolyte varians";"BS";;;11-12-2014;;"G"
438;"ZBN00712";"AANTPOPVTE";;"Hydrobia ulvae";"BS";;;11-12-2014;;"G"
439;"ZBN00713";"AANTPOPVTE";;"Hydrobiidae";"BS";;;11-12-2014;;"G"
440;"ZBN00734";"AANTPOPVTE";;"Hydrozoa";"BS";;;11-12-2014;;"G"
441;"ZBN00746";"AANTPOPVTE";;"Hyperoplus lanceolatus";"BS";;;11-12-2014;;"G"
442;"ZBN00749";"AANTPOPVTE";;"Idotea";"BS";;;11-12-2014;;"G"
443;"ZBN00758";"AANTPOPVTE";;"Insecta";"BS";;;11-12-2014;;"G"
444;"ZBN00759";"AANTPOPVTE";;"Ione thoracica";"BS";;;11-12-2014;;"G"
445;"ZBN00760";"AANTPOPVTE";;"Iphinoe trispinosa";"BS";;;11-12-2014;;"G"
446;"ZBN00785";"AANTPOPVTE";;"Lampetra fluviatilis";"BS";;;11-12-2014;;"G"
447;"ZBN00800";"AANTPOPVTE";;"Lepidonotus squamatus";"BS";;;11-12-2014;;"G"
448;"ZBN00814";"AANTPOPVTE";;"Leucothoe incisa";"BS";;;11-12-2014;;"G"
449;"ZBN00815";"AANTPOPVTE";;"Leucothoe lilljeborgi";"BS";;;11-12-2014;;"G"
450;"ZBN00819";"AANTPOPVTE";;"Limanda limanda";"BS";;;11-12-2014;;"G"
451;"ZBN00848";"AANTPOPVTE";;"Liocarcinus depurator";"BS";;;11-12-2014;;"G"
452;"ZBN00849";"AANTPOPVTE";;"Liocarcinus holsatus";"BS";;;11-12-2014;;"G"
453;"ZBN00851";"AANTPOPVTE";;"Liparis liparis";"BS";;;11-12-2014;;"G"
454;"ZBN00874";"AANTPOPVTE";;"Macoma balthica";"BS";;;11-12-2014;;"G"
455;"ZBN00877";"AANTPOPVTE";;"Macropodia";"BS";;;11-12-2014;;"G"
456;"ZBN00881";"AANTPOPVTE";;"Magelona";"BS";;;11-12-2014;;"G"
457;"ZBN00883";"AANTPOPVTE";;"Magelona filiformis";"BS";;;11-12-2014;;"G"
458;"ZBN00886";"AANTPOPVTE";;"Magelona mirabilis";"BS";;;11-12-2014;;"G"
459;"ZBN00887";"AANTPOPVTE";;"Magelona papillicornis";"BS";;;11-12-2014;;"G"
460;"ZBN00888";"AANTPOPVTE";;"Malacoceros";"BS";;;11-12-2014;;"G"
461;"ZBN00889";"AANTPOPVTE";;"Malacoceros fuliginosus";"BS";;;11-12-2014;;"G"
462;"ZBN00893";"AANTPOPVTE";;"Marenzelleria viridis";"BS";;;11-12-2014;;"G"
463;"ZBN00894";"AANTPOPVTE";;"Marenzelleria wireni";"BS";;;11-12-2014;;"G"
464;"ZBN00898";"AANTPOPVTE";;"Megaluropus agilis";"BS";;;11-12-2014;;"G"
465;"ZBN00901";"AANTPOPVTE";;"Melita";"BS";;;11-12-2014;;"G"
466;"ZBN00903";"AANTPOPVTE";;"Melita palmata";"BS";;;11-12-2014;;"G"
467;"ZBN00907";"AANTPOPVTE";;"Merlangius merlangus";"BS";;;11-12-2014;;"G"
468;"ZBN00908";"AANTPOPVTE";;"Mesopodopsis slabberi";"BS";;;11-12-2014;;"G"
469;"ZBN00926";"AANTPOPVTE";;"Microphthalmus";"BS";;;11-12-2014;;"G"
470;"ZBN00927";"AANTPOPVTE";;"Microphthalmus aberrans";"BS";;;11-12-2014;;"G"
471;"ZBN00929";"AANTPOPVTE";;"Microphthalmus listensis";"BS";;;11-12-2014;;"G"
472;"ZBN00930";"AANTPOPVTE";;"Microphthalmus sczelkowii";"BS";;;11-12-2014;;"G"
473;"ZBN00932";"AANTPOPVTE";;"Microphthalmus similis";"BS";;;11-12-2014;;"G"
474;"ZBN00933";"AANTPOPVTE";;"Microprotopus";"BS";;;11-12-2014;;"G"
475;"ZBN00934";"AANTPOPVTE";;"Microprotopus maculatus";"BS";;;11-12-2014;;"G"
476;"ZBN00958";"AANTPOPVTE";;"Mollusca";"BS";;;11-12-2014;;"G"
477;"ZBN00962";"AANTPOPVTE";;"Montacuta ferruginosa";"BS";;;11-12-2014;;"G"
478;"ZBN00969";"AANTPOPVTE";;"Myoxocephalus scorpius";"BS";;;11-12-2014;;"G"
479;"ZBN00975";"AANTPOPVTE";;"Mysidacea";"BS";;;11-12-2014;;"G"
480;"ZBN00976";"AANTPOPVTE";;"Mysidae";"BS";;;11-12-2014;;"G"
481;"ZBN00977";"AANTPOPVTE";;"Mysta picta";"BS";;;11-12-2014;;"G"
482;"ZBN00985";"AANTPOPVTE";;"Mytilus edulis";"BS";;;11-12-2014;;"G"
483;"ZBN01023";"AANTPOPVTE";;"Nephtys hombergii";"BS";;;11-12-2014;;"G"
484;"ZBN01027";"AANTPOPVTE";;"Nereis";"BS";;;11-12-2014;;"G"
485;"ZBN01051";"AANTPOPVTE";;"Nudibranchia";"BS";;;11-12-2014;;"G"
486;"ZBN01052";"AANTPOPVTE";;"Nymphon";"BS";;;11-12-2014;;"G"
487;"ZBN01067";"AANTPOPVTE";;"Oligochaeta";"BS";;;11-12-2014;;"G"
488;"ZBN01069";"AANTPOPVTE";;"Ophelia";"BS";;;11-12-2014;;"G"
489;"ZBN01071";"AANTPOPVTE";;"Ophelia limacina";"BS";;;11-12-2014;;"G"
490;"ZBN01073";"AANTPOPVTE";;"Opheliidae";"BS";;;11-12-2014;;"G"
491;"ZBN01077";"AANTPOPVTE";;"Ophiodromus flexuosus";"BS";;;11-12-2014;;"G"
492;"ZBN01078";"AANTPOPVTE";;"Ophiothrix fragilis";"BS";;;11-12-2014;;"G"
493;"ZBN01079";"AANTPOPVTE";;"Ophiura";"BS";;;11-12-2014;;"G"
494;"ZBN01102";"AANTPOPVTE";;"Ostrea edulis";"BS";;;11-12-2014;;"G"
495;"ZBN01111";"AANTPOPVTE";;"Paguridae";"BS";;;11-12-2014;;"G"
496;"ZBN01112";"AANTPOPVTE";;"Pagurus bernhardus";"BS";;;11-12-2014;;"G"
497;"ZBN01113";"AANTPOPVTE";;"Palaemon";"BS";;;11-12-2014;;"G"
498;"ZBN01117";"AANTPOPVTE";;"Palaemonetes varians";"BS";;;11-12-2014;;"G"
499;"ZBN01133";"AANTPOPVTE";;"Parajassa pelagica";"BS";;;11-12-2014;;"G"
500;"ZBN01141";"AANTPOPVTE";;"Paraonidae";"BS";;;11-12-2014;;"G"
501;"ZBN01142";"AANTPOPVTE";;"Paraonis fulgens";"BS";;;11-12-2014;;"G"
502;"ZBN01162";"AANTPOPVTE";;"Pectinariidae";"BS";;;11-12-2014;;"G"
503;"ZBN01168";"AANTPOPVTE";;"Perioculodes longimanus";"BS";;;11-12-2014;;"G"
504;"ZBN01170";"AANTPOPVTE";;"Petricola";"BS";;;11-12-2014;;"G"
505;"ZBN01171";"AANTPOPVTE";;"Petricola pholadiformis";"BS";;;11-12-2014;;"G"
506;"ZBN01177";"AANTPOPVTE";;"Philocheras trispinosus";"BS";;;11-12-2014;;"G"
507;"ZBN01188";"AANTPOPVTE";;"Phyllodoce groenlandica";"BS";;;11-12-2014;;"G"
508;"ZBN01193";"AANTPOPVTE";;"Phyllodocidae";"BS";;;11-12-2014;;"G"
509;"ZBN01194";"AANTPOPVTE";;"Phyllodocinae";"BS";;;11-12-2014;;"G"
510;"ZBN01200";"AANTPOPVTE";;"Pinnotheres pisum";"BS";;;11-12-2014;;"G"
511;"ZBN01248";"AANTPOPVTE";;"Platichthys flesus";"BS";;;11-12-2014;;"G"
512;"ZBN01250";"AANTPOPVTE";;"Platynereis dumerilii";"BS";;;11-12-2014;;"G"
513;"ZBN01253";"AANTPOPVTE";;"Pleuronectes platessa";"BS";;;11-12-2014;;"G"
514;"ZBN01257";"AANTPOPVTE";;"Podarkeopsis helgolandica";"BS";;;11-12-2014;;"G"
515;"ZBN01274";"AANTPOPVTE";;"Polydora ciliata";"BS";;;11-12-2014;;"G"
516;"ZBN01275";"AANTPOPVTE";;"Polydora cornuta";"BS";;;11-12-2014;;"G"
517;"ZBN01279";"AANTPOPVTE";;"Polynoidae";"BS";;;11-12-2014;;"G"
518;"ZBN01296";"AANTPOPVTE";;"Pomatoschistus";"BS";;;11-12-2014;;"G"
519;"ZBN01298";"AANTPOPVTE";;"Pontocrates";"BS";;;11-12-2014;;"G"
520;"ZBN01301";"AANTPOPVTE";;"Pontocrates arenarius";"BS";;;11-12-2014;;"G"
521;"ZBN01304";"AANTPOPVTE";;"Pontophilus";"BS";;;11-12-2014;;"G"
522;"ZBN01307";"AANTPOPVTE";;"Portumnus latipes";"BS";;;11-12-2014;;"G"
523;"ZBN01318";"AANTPOPVTE";;"Praunus flexuosus";"BS";;;11-12-2014;;"G"
524;"ZBN01328";"AANTPOPVTE";;"Proceraea cornuta";"BS";;;11-12-2014;;"G"
525;"ZBN01332";"AANTPOPVTE";;"Processa parva";"BS";;;11-12-2014;;"G"
526;"ZBN01340";"AANTPOPVTE";;"Protodorvillea kefersteini";"BS";;;11-12-2014;;"G"
527;"ZBN01361";"AANTPOPVTE";;"Pseudopolydora pulchra";"BS";;;11-12-2014;;"G"
528;"ZBN01370";"AANTPOPVTE";;"Pycnogonida";"BS";;;11-12-2014;;"G"
529;"ZBN01373";"AANTPOPVTE";;"Pygospio elegans";"BS";;;11-12-2014;;"G"
530;"ZBN01413";"AANTPOPVTE";;"Schistomysis kervillei";"BS";;;11-12-2014;;"G"
531;"ZBN01414";"AANTPOPVTE";;"Schistomysis spiritus";"BS";;;11-12-2014;;"G"
532;"ZBN01419";"AANTPOPVTE";;"Scolelepis foliosa";"BS";;;11-12-2014;;"G"
533;"ZBN01420";"AANTPOPVTE";;"Scolelepis squamata";"BS";;;11-12-2014;;"G"
534;"ZBN01425";"AANTPOPVTE";;"Scophthalmus maximus";"BS";;;11-12-2014;;"G"
535;"ZBN01426";"AANTPOPVTE";;"Scrobicularia plana";"BS";;;11-12-2014;;"G"
536;"ZBN01432";"AANTPOPVTE";;"Sigalion";"BS";;;11-12-2014;;"G"
537;"ZBN01433";"AANTPOPVTE";;"Sigalion mathildae";"BS";;;11-12-2014;;"G"
538;"ZBN01452";"AANTPOPVTE";;"Sipuncula";"BS";;;11-12-2014;;"G"
539;"ZBN01459";"AANTPOPVTE";;"Solea solea";"BS";;;11-12-2014;;"G"
540;"ZBN01480";"AANTPOPVTE";;"Spio";"BS";;;11-12-2014;;"G"
541;"ZBN01483";"AANTPOPVTE";;"Spio filicornis";"BS";;;11-12-2014;;"G"
542;"ZBN01485";"AANTPOPVTE";;"Spionidae";"BS";;;11-12-2014;;"G"
543;"ZBN01488";"AANTPOPVTE";;"Spisula";"BS";;;11-12-2014;;"G"
544;"ZBN01489";"AANTPOPVTE";;"Spisula elliptica";"BS";;;11-12-2014;;"G"
545;"ZBN01490";"AANTPOPVTE";;"Spisula solida";"BS";;;11-12-2014;;"G"
546;"ZBN01491";"AANTPOPVTE";;"Spisula subtruncata";"BS";;;11-12-2014;;"G"
547;"ZBN01505";"AANTPOPVTE";;"Stenothoe marina";"BS";;;11-12-2014;;"G"
548;"ZBN01509";"AANTPOPVTE";;"Sthenelais boa";"BS";;;11-12-2014;;"G"
549;"ZBN01513";"AANTPOPVTE";;"Streblospio benedicti";"BS";;;11-12-2014;;"G"
550;"ZBN01515";"AANTPOPVTE";;"Streblospio shrubsolii";"BS";;;11-12-2014;;"G"
551;"ZBN01516";"AANTPOPVTE";;"Streptosyllis";"BS";;;11-12-2014;;"G"
552;"ZBN01522";"AANTPOPVTE";;"Syllidae";"BS";;;11-12-2014;;"G"
553;"ZBN01523";"AANTPOPVTE";;"Syllidia armata";"BS";;;11-12-2014;;"G"
554;"ZBN01525";"AANTPOPVTE";;"Syllis gracilis";"BS";;;11-12-2014;;"G"
555;"ZBN01529";"AANTPOPVTE";;"Synchelidium haplocheles";"BS";;;11-12-2014;;"G"
556;"ZBN01532";"AANTPOPVTE";;"Syngnathus rostellatus";"BS";;;11-12-2014;;"G"
557;"ZBN01537";"AANTPOPVTE";;"Tanaidacea";"BS";;;11-12-2014;;"G"
558;"ZBN01548";"AANTPOPVTE";;"Tellina";"BS";;;11-12-2014;;"G"
559;"ZBN01549";"AANTPOPVTE";;"Tellina fabula";"BS";;;11-12-2014;;"G"
560;"ZBN01551";"AANTPOPVTE";;"Tellina tenuis";"BS";;;11-12-2014;;"G"
561;"ZBN01564";"AANTPOPVTE";;"Thia scutellata";"BS";;;11-12-2014;;"G"
562;"ZBN01579";"AANTPOPVTE";;"Tornus subcarinatus";"BS";;;11-12-2014;;"G"
563;"ZBN01580";"AANTPOPVTE";;"Trachurus trachurus";"BS";;;11-12-2014;;"G"
564;"ZBN01588";"AANTPOPVTE";;"Trisopterus luscus";"BS";;;11-12-2014;;"G"
565;"ZBN01589";"AANTPOPVTE";;"Tryphosella sarsi";"BS";;;11-12-2014;;"G"
566;"ZBN01601";"AANTPOPVTE";;"Tubularia indivisa";"BS";;;11-12-2014;;"G"
567;"ZBN01605";"AANTPOPVTE";;"Turritella communis";"BS";;;11-12-2014;;"G"
568;"ZBN01630";"AANTPOPVTE";;"Urothoe brevicornis";"BS";;;11-12-2014;;"G"
569;"ZBN01642";"AANTPOPVTE";;"Venerupis";"BS";;;11-12-2014;;"G"
570;"ZBN01643";"AANTPOPVTE";;"Venerupis senegalensis";"BS";;;11-12-2014;;"G"
